{
  "builtInLibrariesFolders": "C:\\Program Files (x86)\\Arduino\\libraries",
  "customBuildProperties": "compiler.warning_level=none,build.path=c:\\Users\\a-walin\\Documents\\Arduino\\generated_examples\\GetStarted_2\\.build,build.warn_data_percentage=75,runtime.tools.openocd.path=C:\\Users\\a-walin\\AppData\\Local\\Arduino15\\packages\\AZ3166\\tools\\openocd\\0.10.0,runtime.tools.arm-none-eabi-gcc.path=C:\\Users\\a-walin\\AppData\\Local\\Arduino15\\packages\\AZ3166\\tools\\arm-none-eabi-gcc\\5_4-2016q3",
  "fqbn": "AZ3166:stm32f4:MXCHIP_AZ3166",
  "hardwareFolders": "C:\\Program Files (x86)\\Arduino\\hardware,C:\\Users\\a-walin\\AppData\\Local\\Arduino15\\packages",
  "otherLibrariesFolders": "C:\\Users\\a-walin\\Documents\\Arduino\\libraries",
  "runtime.ide.version": "10803",
  "sketchLocation": "c:\\Users\\a-walin\\Documents\\Arduino\\generated_examples\\GetStarted_2\\GetStarted.ino",
  "toolsFolders": "C:\\Program Files (x86)\\Arduino\\tools-builder,C:\\Program Files (x86)\\Arduino\\hardware\\tools\\avr,C:\\Users\\a-walin\\AppData\\Local\\Arduino15\\packages"
}